candidate_id,system,source,doi_or_id,control_axis,forward_reverse_history,same_biological_unit,state_boundary_empirical,uncertainty_for_threshold_separation,shared_vs_differentiated_architecture,static_payoff_audit,promotion_status,exclusion_reason,claim_ceiling
HYS_HL60_DMSO_2006,HL60 neutrophil differentiation,Chang_et_al_2006,PMID_16507101,DMSO concentration,yes,yes,yes,no,no,not_applicable,REJECTED,forward_backward differentiation hysteresis is empirical but the states are differentiation marker states rather than a registered shared_vs_differentiated multifunctional architecture and no BALANCE conflict coordinate is identified,cross_domain_hysteresis_analogue_only
HYS_YEAST_PHO_2007,Saccharomyces cerevisiae phosphate transporter switching,Wykoff_et_al_2007,10.1016/j.molcel.2007.07.022,external phosphate concentration,history_dependence_reported_but_no_registered_forward_reverse_threshold_pair,yes,partial,no,no,not_applicable,REJECTED,bistable high_vs_low_affinity transporter usage and mutant hysteresis do not provide one empirical forward_reverse architecture-threshold pair with uncertainty under the same control sweep,cross_domain_switching_analogue_only
HYS_LOCUST_DENSITY_2012,desert locust phase change,Topaz_et_al_2012,10.1371/journal.pcbi.1002642,average locust density,model_forward_reverse,not_one_unit_population_state,model_only,no,no,ecological_collective_state,REJECTED,population-level hysteresis is produced by numerical model and aggregation dynamics rather than measured within-unit architecture thresholds,model_analogue_only
HYS_TREE_HYDRAULIC_2026,tree hydraulic absorption_desorption,Brum_et_al_2026,10.1111/pce.70498,VPD_and_hydraulic_state,yes,yes,yes,yes,no,not_applicable,REJECTED,empirical hysteretic physiological thresholds are strong but response is hydraulic flux_storage state rather than shared_vs_differentiated functional architecture,physiological_hysteresis_analogue_only
HYS_PRUNUS_WATER_1999,Prunus x cistena water status,Xu_et_al_1999,10.2503/jjshs.68.228,soil matric potential drying_rewetting,yes,yes,continuous_physio_loop,not_registered,no,not_applicable,REJECTED,drying_rewetting hysteresis in water potentials and transpiration is physiological memory without an architecture state transition,physiological_hysteresis_analogue_only
HYS_BACILLUS_CELLTYPE_2025,Bacillus subtilis biofilm cell-type switching,Tasaki_et_al_2025;Tasaki_et_al_2020,10.1007/s00285-025-02316-8;10.1101/2020.09.11.292474,autoinducing signal in hysteresis model; external pH in culture experiments,model_forward_reverse_only; empirical_pH_response_not_forward_reverse,cell_population_colony,empirical_colony_state_transitions_but_not_matched_forward_reverse_thresholds,no,partial_cell_type_division_of_labour,not_applicable,REJECTED,motile-cell versus matrix-producer predominance is the closest architecture-level candidate screened so far but the hysteresis threshold pair is derived from the cell-type regulation model while the culture experiments quantify pH-dependent migration cycles rather than matched forward_reverse architecture thresholds with uncertainty,architecture_near_miss_model_hysteresis_only
HYS_EMT_TGFB_2018,NMuMG epithelial-mesenchymal transition,Celia-Terrassa_et_al_2018,10.1038/s41467-018-07538-7,TGF-beta concentration and induction_withdrawal history,empirical_induction_withdrawal_memory_but_no_matched_bidirectional_threshold_pair,yes,empirical_bimodal_state_transition_and_reversion_protocol,no,no,not_applicable,REJECTED,strong experimental hysteretic cell-fate switching and persistence after TGF-beta withdrawal but the states are epithelial versus mesenchymal cell fates rather than a shared-versus-differentiated multifunctional architecture and no matched forward_reverse architecture-threshold pair with uncertainty is reported,cell_fate_hysteresis_analogue_only
HYS_PSEUDOMONAS_SIDEROPHORE_2022,Pseudomonas aeruginosa siderophore specialization,Mridha_et_al_2022,10.1111/jeb.14001,iron availability and specialist mixing ratio,no_forward_reverse_history,fixed_engineered_genotypes,no,no,yes_enforced_specialist_mix_vs_generalist_wildtype,experimental_payoff_comparison,REJECTED,true generalist-versus-specialist functional comparison across iron limitation but specialization is genetically enforced across distinct strains rather than a reversible architecture state of the same biological unit and no hysteresis sweep is performed,division_of_labour_payoff_near_miss_only
HYS_OOCERAEA_DEFENCE_2025,Ooceraea biroi colony defence division of labour,Li_et_al_2025,10.1098/rstb.2023.0270,colony size and brood context,no_forward_reverse_graded_sweep,colony,empirical_context_dependent_division_of_labour,no,partial_colony_task_specialization,not_applicable,REJECTED,near-identical workers form empirical colony-level defence division of labour and specialization increases with colony size but the study does not traverse one graded control axis forward and backward or estimate two architecture thresholds with uncertainty,empirical_division_of_labour_without_hysteresis_thresholds
