u3_record_id,universe_id,family,order_apg3,review_source,review_doi,heteranthery_status,family_confirmation_basis,representative_taxa,representative_taxa_status,analysis_role,matched_control_status,notes
U3_001,U3_VALLEJOMARIN_2010,Pontederiaceae,Commelinales,Vallejo-Marin_et_al_2010_NewPhytologist,10.1111/j.1469-8137.2010.03430.x,PRESENT,FIGURE2,Heteranthera; Monochoria,BODY_TEXT_NAMED,POSITIVE_ARCHITECTURE_DISCOVERY_ONLY,CONTROL_NOT_REGISTERED,Review body names Heteranthera and Monochoria; do not infer all species are heterantherous.
U3_002,U3_VALLEJOMARIN_2010,Haemodoraceae,Commelinales,Vallejo-Marin_et_al_2010_NewPhytologist,10.1111/j.1469-8137.2010.03430.x,PRESENT,FIGURE2,Dilatris; Schiekia; Haemodorum; Xiphidium,BODY_TEXT_NAMED,POSITIVE_ARCHITECTURE_DISCOVERY_ONLY,CONTROL_NOT_REGISTERED,Body text lists representative heterantherous genera; one source component includes unpublished data.
U3_003,U3_VALLEJOMARIN_2010,Commelinaceae,Commelinales,Vallejo-Marin_et_al_2010_NewPhytologist,10.1111/j.1469-8137.2010.03430.x,PRESENT,FIGURE2,Commelina spp.,BODY_TEXT_NAMED,POSITIVE_ARCHITECTURE_DISCOVERY_ONLY,CONTROL_NOT_REGISTERED,Commelina is named in the article introduction as a heterantherous example.
U3_004,U3_VALLEJOMARIN_2010,Tecophilaeaceae,Asparagales,Vallejo-Marin_et_al_2010_NewPhytologist,10.1111/j.1469-8137.2010.03430.x,PRESENT,FIGURE2,Cyanella,BODY_TEXT_NAMED,POSITIVE_ARCHITECTURE_DISCOVERY_ONLY,CONTROL_NOT_REGISTERED,Body text names Cyanella.
U3_005,U3_VALLEJOMARIN_2010,Dilleniaceae,Dilleniales,Vallejo-Marin_et_al_2010_NewPhytologist,10.1111/j.1469-8137.2010.03430.x,PRESENT,FIGURE2,Dillenia; Hibbertia,BODY_TEXT_NAMED,POSITIVE_ARCHITECTURE_DISCOVERY_ONLY,CONTROL_NOT_REGISTERED,Body text names Dillenia and Hibbertia.
U3_006,U3_VALLEJOMARIN_2010,Lythraceae,Myrtales,Vallejo-Marin_et_al_2010_NewPhytologist,10.1111/j.1469-8137.2010.03430.x,PRESENT,FIGURE2,Lagerstroemia indica,SOURCE_RESOLVED_INDEPENDENTLY,POSITIVE_ARCHITECTURE_DISCOVERY_ONLY,CONTROL_NOT_REGISTERED,"The review states that Lythraceae contributes one reported heterantherous species. Nepi, Guarnieri & Pacini 2003 (Plant Biology 5:311-314; DOI 10.1055/s-2003-40797) independently identifies L. indica as heterantheric with reproductive long stamens and feed-pollen short stamens. This is an independent pre-2010 resolution, not a claim that Supporting Table S1 was accessed."
U3_007,U3_VALLEJOMARIN_2010,Melastomataceae,Myrtales,Vallejo-Marin_et_al_2010_NewPhytologist,10.1111/j.1469-8137.2010.03430.x,PRESENT,FIGURE2,Aciotis; Acisanthera; Adelobotrys; Arthrostema; Centradenia; Dissotis; Heterocentron; Melastoma; Tibouchina,BODY_TEXT_NAMED,POSITIVE_ARCHITECTURE_DISCOVERY_ONLY,CONTROL_NOT_REGISTERED,Body text reports widespread heteranthery across many genera.
U3_008,U3_VALLEJOMARIN_2010,Anacardiaceae,Sapindales,Vallejo-Marin_et_al_2010_NewPhytologist,10.1111/j.1469-8137.2010.03430.x,PRESENT,FIGURE2,Anacardium humile,BODY_TEXT_NAMED,POSITIVE_ARCHITECTURE_DISCOVERY_ONLY,CONTROL_NOT_REGISTERED,Article states this is the only reported heterantherous species in Anacardiaceae.
U3_009,U3_VALLEJOMARIN_2010,Malvaceae,Malvales,Vallejo-Marin_et_al_2010_NewPhytologist,10.1111/j.1469-8137.2010.03430.x,PRESENT,FIGURE2,Mollia lepidota,SOURCE_RESOLVED_INDEPENDENTLY,POSITIVE_ARCHITECTURE_DISCOVERY_ONLY,CONTROL_NOT_REGISTERED,"Independent pre-2010 family representative, not Table S1 transcription. Darwin's herbarium manuscript records M. lepidota as certainly having two stamen lengths in the same flower. Spruce's 1876-77 species list includes M. lepidota among Mollia with five longer outer cohorts bearing green pollen and five shorter inner cohorts bearing yellow pollen. Maguire's 1978 species treatment independently describes five outer stamen phalanges about 2 cm long and five inner phalanges about 1.5 cm long. Current Kew taxonomy places M. lepidota in Malvaceae. This closes the independent representative need without claiming that the inaccessible 2010 Table S1 specifically listed this species."
U3_010,U3_VALLEJOMARIN_2010,Bixaceae,Malvales,Vallejo-Marin_et_al_2010_NewPhytologist,10.1111/j.1469-8137.2010.03430.x,PRESENT,FIGURE2,Amoreuxia wrightii,SOURCE_RESOLVED_INDEPENDENTLY,POSITIVE_ARCHITECTURE_DISCOVERY_ONLY,CONTROL_NOT_REGISTERED,"Independent species-level resolution, not Table S1 transcription. Flora of North America / Hodgson's Bixaceae treatment describes Amoreuxia as having two dimorphic fertile stamen sets; A. wrightii specifically has shorter distal filaments with yellow anthers and longer proximal filaments with usually dark-red anthers. APG-style sources place Amoreuxia in Bixaceae, consistent with the review's merger of Cochlospermaceae into Bixaceae."
U3_011,U3_VALLEJOMARIN_2010,Brassicaceae,Brassicales,Vallejo-Marin_et_al_2010_NewPhytologist,10.1111/j.1469-8137.2010.03430.x,PRESENT,FIGURE2,Brassica rapa,SOURCE_RESOLVED_INDEPENDENTLY,POSITIVE_ARCHITECTURE_DISCOVERY_ONLY,CONTROL_NOT_REGISTERED,"The review states that Brassicaceae contributes one reported heterantherous species. Kudo 2003 (Functional Ecology 17:349-355; DOI 10.1046/j.1365-2435.2003.00736.x) independently experiments on long and short B. rapa stamens and demonstrates different pollination contributions. This is an independent pre-2010 resolution, not a claim that Supporting Table S1 was accessed."
U3_012,U3_VALLEJOMARIN_2010,Fabaceae,Fabales,Vallejo-Marin_et_al_2010_NewPhytologist,10.1111/j.1469-8137.2010.03430.x,PRESENT,FIGURE2,Caesalpinia; Swartzia; Senna; Cassia; Chamaechrista; Crotalaria; Dioclea; Dypterix; Eysenhardtia; Mucuna; Ormosia; Platymiscium; Poiretia; Stylosanthes,BODY_TEXT_NAMED,POSITIVE_ARCHITECTURE_DISCOVERY_ONLY,CONTROL_NOT_REGISTERED,Body text reports heteranthery across many genera; Caesalpinaceae is treated within Fabaceae.
U3_013,U3_VALLEJOMARIN_2010,Malpighiaceae,Malpighiales,Vallejo-Marin_et_al_2010_NewPhytologist,10.1111/j.1469-8137.2010.03430.x,PRESENT,FIGURE2,Banisteria; Hiptage; Malpighia,BODY_TEXT_NAMED,POSITIVE_ARCHITECTURE_DISCOVERY_ONLY,CONTROL_NOT_REGISTERED,Body text names three genera.
U3_014,U3_VALLEJOMARIN_2010,Lecythidaceae,Ericales,Vallejo-Marin_et_al_2010_NewPhytologist,10.1111/j.1469-8137.2010.03430.x,PRESENT,FIGURE2,Bertholletia; Couroupita; Gustavia,BODY_TEXT_NAMED,POSITIVE_ARCHITECTURE_DISCOVERY_ONLY,CONTROL_NOT_REGISTERED,Body text names three genera.
U3_015,U3_VALLEJOMARIN_2010,Solanaceae,Solanales,Vallejo-Marin_et_al_2010_NewPhytologist,10.1111/j.1469-8137.2010.03430.x,PRESENT,FIGURE2,Solanum,BODY_TEXT_NAMED,POSITIVE_ARCHITECTURE_DISCOVERY_ONLY,CONTROL_NOT_REGISTERED,Body text identifies Solanum; separate 2009 experiment validates division of labour in S. rostratum.
U3_016,U3_VALLEJOMARIN_2010,Scrophulariaceae,Lamiales,Vallejo-Marin_et_al_2010_NewPhytologist,10.1111/j.1469-8137.2010.03430.x,PRESENT,FIGURE2,Diascia anastrepta,SOURCE_RESOLVED_INDEPENDENTLY,POSITIVE_ARCHITECTURE_DISCOVERY_ONLY,CONTROL_NOT_REGISTERED,"Independent pre-2010 family representative, not Table S1 transcription. Manning & Brothers 1986 directly describe marked heteranthery in D. anastrepta: the anticous anther pair is greatly reduced and produces little or no yellow pollen, whereas the posticous pair associated with the stigma produces copious grey-green pollen. Hilliard & Burtt published the species in 1983, and current Kew taxonomy retains D. anastrepta in Scrophulariaceae. This closes independent representative provenance without claiming that the inaccessible 2010 Table S1 listed this species."
