cluster_id,source_id,plant_taxon,conflict_present,shared_architecture_present,alternative_architecture_present,pattern_class,context_axis,evidence_level,confidence,quantitative_pool_eligible,source_basis,claim_ceiling,notes
Peucedanum_longitudinal_mosaic,Kudo_Shibata_2021_2025,Peucedanum multivittatum,compatible,yes,not_directly_identified,SANDWICHED_TRANSITION_MOSAIC,phenology_x_antagonist_pressure,multi_year_multi_source_observational,high,false,PEUCEDANUM_LONGITUDINAL_MOSAIC_V1,selection_mosaic_not_direct_BALANCE_occupancy,"Later flowering lowers predation; male allocation tracks high predation; selection on perfect-flower production reverses across the environmental ordering."
Peucedanum_longitudinal_mosaic,Kudo_Shibata_2025_10.1111/1365-2745.70130,Peucedanum multivittatum,compatible,yes,not_directly_identified,BOUNDARY_CROSSING,ordered_population_environment,selection_gradient_sign_reversal_across_ordered_contexts,high,false,PEUCEDANUM_LONGITUDINAL_MOSAIC_V1,selection_sign_crossing_not_direct_worldline_crossing,"The final-fruit-set selection gradient on perfect-flower production changes sign between the early/high-predation and later/lower-predation portion of the ordered population series; this is a boundary-compatible signature, not a measured Delta_W crossing."
Primula_polymorphic_persistence,Torang_Agren_Primula_program,Primula farinosa,yes,yes,yes,PERSISTENT_INTEGRATION_WITH_ALTERNATIVE_AVAILABLE,year_x_population_x_grazer_pollinator_balance,longitudinal_frequency_selection_program,medium,false,SCH_BITA_REAL_WORLD_ARCHITECTURE_EVIDENCE_V1,polymorphic_maintenance_not_direct_worldline_gap,"Pollination and grazing/seed-predation pressures maintain alternative display morphs with context-dependent frequency change rather than one universal fixed state."
Dalechampia_integrated_compromise,Perez_Barrales_Dalechampia_program,Dalechampia spp.,yes,yes,not_directly_identified,CONFLICT_WITHOUT_SPLITTING,pollinator_x_seed_predator_context,observational_selection_surface,high,false,SCH_BITA_REAL_WORLD_ARCHITECTURE_EVIDENCE_V1,integrated_compromise_geometry_not_direct_WS_vs_WD,"A shared bract-size axis experiences opposing pollination and seed-predation consequences with stabilizing net selection; no matched differentiated worldline is identified."
Castilleja_integrated_conflict,Cariveau_2004_10.1111/j.0030-1299.2004.12641.x,Castilleja linariaefolia,yes,yes,not_directly_identified,CONFLICT_WITHOUT_SPLITTING,pollination_x_seed_predation,observational_trait_path_on_common_seed_fitness,high,false,SCH_CASTILLEJA_SOURCE_AUDIT_V1,opposing_selection_not_direct_BALANCE_occupancy,"Calyx length experiences opposing selection via hummingbird pollination and pre-dispersal seed predation while remaining one shared floral coordinate."
Pedicularis_partial_second_axis,Sun_2015_2016_Pedicularis,Pedicularis rex,yes,yes,partial,DIRECT_DIFFERENTIATION,population_antagonist_pressure_x_water_defence,multi_population_observational_plus_separate_defence_experiment,high,false,PEDICULARIS_SHARED_CONFLICT_AND_DEFENCE_AXIS_BRIDGE_V1,partial_functional_differentiation_boundary_not_direct_middle_world,"Exsertion carries conflict while water retention provides a preferentially antagonist-facing second mechanism; the sources do not compare optimized shared and differentiated worldlines."
Platycodon_aligned_control,Nakata_2022_10.1111/plb.13414,Platycodon grandiflorus,no,yes,no,NO_CONFLICT_NO_BALANCE_EXPECTED,flower_orientation,experimental_trait_manipulation,medium,false,BROAD_MULTIFUNCTIONAL_COMPROMISE_REALITY_CHECK_V1,aligned_optimum_negative_control,"Horizontal orientation improves both pollination and rain protection, so BALANCE should not be invoked without an SCH conflict."
Ipomopsis_monotonic_control,Irwin_Adler_Brody_2004_Ipomopsis,Ipomopsis aggregata,unresolved,yes,no,NO_CONFLICT_NO_BALANCE_EXPECTED,consumer_role,source_adjudicated_negative_boundary,medium,false,GENERALITY_CANDIDATE_MATRIX_V1,negative_or_monotonic_control_not_direct_balance_test,"Retained only as a boundary candidate: multifunctionality alone does not establish conflict or a sandwiched BALANCE regime."
Faassen_phytoplankton_hysteresis,Faassen_et_al_2015_10.1111/oik.02006,cyanobacterial population,not_applicable,population_state,alternative_stable_state,HYSTERESIS_OR_PATH_DEPENDENCE,light_stress_increase_then_decrease,experimental_forward_reverse_environmental_ramp,high,false,WEB_PRIMARY_SOURCE_AUDIT_2026-09-07,cross_domain_dynamical_analogue_not_trait_architecture_BALANCE,"An experimental cyanobacterial population followed different deterioration and recovery paths under light stress, demonstrating population-level hysteresis. It is retained only as a dynamical analogue for the BALANCE hysteresis mechanism, not as evidence for shared-vs-differentiated trait architecture."
