adjudication_id,reference_id,plant_taxon,dependency_group,primary_source_status,qualifying_receipt,decision,reason_code,source_basis,notes
U6_ADJ_022,U6_REF_022,Prockia_crucis,Prockia_crucis,RESOLVED,DIRECT_POLLEN_ROBBING_NO_POLLINATION,INCLUDE,PRIMARY_STUDY_SEPARATES_POLLINATORS_FROM_POLLEN_THIEVES,"Bullock, Martinez del Rio & Ayala 1989 Oecologia; DOI 10.1007/BF00379114","Primary abstract distinguishes effective pollinators from pollen thieves and reports their changing abundance through the day."
U6_ADJ_023,U6_REF_023,Bromelia_antiacantha,Bromelia_antiacantha,RESOLVED,DIRECT_POLLEN_ROBBING_NO_POLLINATION,INCLUDE,TRIGONA_EXPLICIT_POLLEN_AND_NECTAR_THIEF,"Canela & Sazima 2005 Plant Biology; DOI 10.1055/s-2005-865619","Trigona spinipes is explicitly classified as a pollen and nectar thief and frequently excludes hummingbird pollinators."
U6_ADJ_036,U6_REF_036,Pseudobombax_ellipticum,Pseudobombax_ellipticum,RESOLVED,DIRECT_POLLEN_ROBBING_NO_POLLINATION,INCLUDE,BEES_CLASSIFIED_AS_FLORAL_PARASITES_WITH_NEGATIVE_POLLINATION_EFFECT,"Eguiarte, Martinez del Rio & Arita 1987 Biotropica 19:74-82","Primary study groups bees among floral parasites and reports an important negative effect through reduced pollination by secondary bird pollinators."
U6_ADJ_038,U6_REF_038,Passiflora_foetida,Passiflora_foetida,RESOLVED,DIRECT_POLLEN_ROBBING_NO_POLLINATION,INCLUDE,POLLEN_COLLECTION_WITHOUT_STIGMA_CONTACT,"Amela Garcia & Hoc 1998 Revista de Biologia Tropical 46:191-201","Augochlorella collects pollen without touching stigmas and is explicitly classified as a pollen thief."
U6_ADJ_040,U6_REF_040,Tolmiea_menziesii,Tolmiea_menziesii,RESOLVED,DIRECT_POLLEN_ROBBING_NO_POLLINATION,INCLUDE,MALE_PHASE_POLLEN_ROBBERS_WITH_DISTINCT_EFFECTIVE_POLLINATOR,"Goldblatt et al. 2004 Plant Systematics and Evolution; DOI 10.1007/s00606-003-0067-1","Fungus gnats are the primary pollinators; hoverflies and bumblebees usually behave as pollen robbers visiting only male-phase flowers."
U6_ADJ_091,U6_REF_091,Zea_mays,Zea_mays,RESOLVED,DIRECT_CONSUMPTION_AVAILABLE_POLLEN_LOSS,INCLUDE,DIRECT_CORN_POLLEN_CONSUMPTION_DURING_ANTHESIS,"Lundgren, Razzak & Wiedenmann 2004 Environmental Entomology; DOI 10.1603/0046-225X-33.4.958","Field study quantifies consumption of corn pollen by coccinellid predators during anthesis. No plant-fitness effect is claimed at this stage."
U6_ADJ_110,U6_REF_110,Banksia_menziesii,Banksia_menziesii,RESOLVED,DIRECT_REMOVAL_LOW_DEPOSITION,INCLUDE,BEETLES_REMOVE_SUBSTANTIAL_POLLEN_WITH_ZERO_STIGMA_DEPOSITION,"Ramsey 1988 Oecologia; DOI 10.1007/BF00379609","Staphylinid beetles remove substantial amounts of pollen but deposit none onto stigmas."
U6_ADJ_123,U6_REF_123,Amomum_subulatum,Amomum_subulatum,RESOLVED,DIRECT_POLLEN_ROBBING_NO_POLLINATION,INCLUDE,HONEYBEE_EXPLICIT_POLLEN_ROBBER_WHILE_BUMBLEBEE_IS_EFFECTIVE_POLLINATOR,"Sinu & Shivanna 2007 Current Science 93:548-552","Primary study identifies Bombus haemorrhoidalis as effective and only pollinator while Apis cerana acts as a pollen robber."
U6_ADJ_133,U6_REF_133,Campomanesia_pubescens,Campomanesia_pubescens,RESOLVED,DIRECT_POLLEN_ROBBING_NO_POLLINATION,INCLUDE,APIS_COLLECTS_POLLEN_WITHOUT_STIGMA_TRANSFER_AND_THREATENS_FRUITING,"Torezan-Silingardi & Del-Claro 1998 Ciencia e Cultura 50:281-284; later direct source summaries","The registered 1998 study is repeatedly reported as showing intense Apis pollen collection without stigma transfer, avoidance by native pollinators, and threatened fructification."
