receipt_id,cluster_id,predictor,reported_value,source_id,evidence_type,outcome_independence,adjudication_status,notes
U1_001_MODULE_SUBSTRATE,Aechmea_pectinata,module_substrate,UNRESOLVED,Canela & Sazima 2003 Biotropica 35:289-294 | DOI 10.1111/j.1744-7429.2003.tb00287.x,UNCLEAR,UNCERTAIN,SCREENED,FROZEN_EMPTY_SLOT; code predictor from primary source without using architecture outcome or U1 screening notes; sample_order=1
U1_001_CONFLICT_TIMING_GEOMETRY,Aechmea_pectinata,conflict_timing_geometry,UNRESOLVED,Canela & Sazima 2003 Biotropica 35:289-294 | DOI 10.1111/j.1744-7429.2003.tb00287.x,UNCLEAR,UNCERTAIN,SCREENED,FROZEN_EMPTY_SLOT; code predictor from primary source without using architecture outcome or U1 screening notes; sample_order=1
U1_001_CONFLICT_SPATIAL_GEOMETRY,Aechmea_pectinata,conflict_spatial_geometry,UNRESOLVED,Canela & Sazima 2003 Biotropica 35:289-294 | DOI 10.1111/j.1744-7429.2003.tb00287.x,UNCLEAR,UNCERTAIN,SCREENED,FROZEN_EMPTY_SLOT; code predictor from primary source without using architecture outcome or U1 screening notes; sample_order=1
U1_002_MODULE_SUBSTRATE,Alstroemeria_aurea,module_substrate,UNRESOLVED,Aizen & Raffaele 1998 Ecology 79:2133-2142 | DOI 10.1890/0012-9658(1998)079[2133:FSDAPG]2.0.CO;2,UNCLEAR,UNCERTAIN,SCREENED,FROZEN_EMPTY_SLOT; code predictor from primary source without using architecture outcome or U1 screening notes; sample_order=2
U1_002_CONFLICT_TIMING_GEOMETRY,Alstroemeria_aurea,conflict_timing_geometry,UNRESOLVED,Aizen & Raffaele 1998 Ecology 79:2133-2142 | DOI 10.1890/0012-9658(1998)079[2133:FSDAPG]2.0.CO;2,UNCLEAR,UNCERTAIN,SCREENED,FROZEN_EMPTY_SLOT; code predictor from primary source without using architecture outcome or U1 screening notes; sample_order=2
U1_002_CONFLICT_SPATIAL_GEOMETRY,Alstroemeria_aurea,conflict_spatial_geometry,UNRESOLVED,Aizen & Raffaele 1998 Ecology 79:2133-2142 | DOI 10.1890/0012-9658(1998)079[2133:FSDAPG]2.0.CO;2,UNCLEAR,UNCERTAIN,SCREENED,FROZEN_EMPTY_SLOT; code predictor from primary source without using architecture outcome or U1 screening notes; sample_order=2
U1_003_MODULE_SUBSTRATE,Alstroemeria_ligtu_var_Simsii,module_substrate,UNRESOLVED,Botto-Mahan et al. 2011 International Journal of Plant Sciences 172:1130-1136 | DOI 10.1086/662029,UNCLEAR,UNCERTAIN,SCREENED,FROZEN_EMPTY_SLOT; code predictor from primary source without using architecture outcome or U1 screening notes; sample_order=3
U1_003_CONFLICT_TIMING_GEOMETRY,Alstroemeria_ligtu_var_Simsii,conflict_timing_geometry,UNRESOLVED,Botto-Mahan et al. 2011 International Journal of Plant Sciences 172:1130-1136 | DOI 10.1086/662029,UNCLEAR,UNCERTAIN,SCREENED,FROZEN_EMPTY_SLOT; code predictor from primary source without using architecture outcome or U1 screening notes; sample_order=3
U1_003_CONFLICT_SPATIAL_GEOMETRY,Alstroemeria_ligtu_var_Simsii,conflict_spatial_geometry,UNRESOLVED,Botto-Mahan et al. 2011 International Journal of Plant Sciences 172:1130-1136 | DOI 10.1086/662029,UNCLEAR,UNCERTAIN,SCREENED,FROZEN_EMPTY_SLOT; code predictor from primary source without using architecture outcome or U1 screening notes; sample_order=3
U1_004_MODULE_SUBSTRATE,Alstroemeria_umbellata,module_substrate,UNRESOLVED,Valdivia & Niemeyer 2005 New Zealand Journal of Ecology 29:321-324,UNCLEAR,UNCERTAIN,SCREENED,FROZEN_EMPTY_SLOT; code predictor from primary source without using architecture outcome or U1 screening notes; sample_order=4
U1_004_CONFLICT_TIMING_GEOMETRY,Alstroemeria_umbellata,conflict_timing_geometry,UNRESOLVED,Valdivia & Niemeyer 2005 New Zealand Journal of Ecology 29:321-324,UNCLEAR,UNCERTAIN,SCREENED,FROZEN_EMPTY_SLOT; code predictor from primary source without using architecture outcome or U1 screening notes; sample_order=4
U1_004_CONFLICT_SPATIAL_GEOMETRY,Alstroemeria_umbellata,conflict_spatial_geometry,UNRESOLVED,Valdivia & Niemeyer 2005 New Zealand Journal of Ecology 29:321-324,UNCLEAR,UNCERTAIN,SCREENED,FROZEN_EMPTY_SLOT; code predictor from primary source without using architecture outcome or U1 screening notes; sample_order=4
U1_005_MODULE_SUBSTRATE,Aristotelia_chilensis,module_substrate,UNRESOLVED,Vázquez & Simberloff 2004 Ecological Monographs 74:281-308 | DOI 10.1890/02-4055,UNCLEAR,UNCERTAIN,SCREENED,FROZEN_EMPTY_SLOT; code predictor from primary source without using architecture outcome or U1 screening notes; sample_order=5
U1_005_CONFLICT_TIMING_GEOMETRY,Aristotelia_chilensis,conflict_timing_geometry,UNRESOLVED,Vázquez & Simberloff 2004 Ecological Monographs 74:281-308 | DOI 10.1890/02-4055,UNCLEAR,UNCERTAIN,SCREENED,FROZEN_EMPTY_SLOT; code predictor from primary source without using architecture outcome or U1 screening notes; sample_order=5
U1_005_CONFLICT_SPATIAL_GEOMETRY,Aristotelia_chilensis,conflict_spatial_geometry,UNRESOLVED,Vázquez & Simberloff 2004 Ecological Monographs 74:281-308 | DOI 10.1890/02-4055,UNCLEAR,UNCERTAIN,SCREENED,FROZEN_EMPTY_SLOT; code predictor from primary source without using architecture outcome or U1 screening notes; sample_order=5
U1_006_MODULE_SUBSTRATE,Berberis_darwinii,module_substrate,UNRESOLVED,Vázquez & Simberloff 2004 Ecological Monographs 74:281-308 | DOI 10.1890/02-4055,UNCLEAR,UNCERTAIN,SCREENED,FROZEN_EMPTY_SLOT; code predictor from primary source without using architecture outcome or U1 screening notes; sample_order=6
U1_006_CONFLICT_TIMING_GEOMETRY,Berberis_darwinii,conflict_timing_geometry,UNRESOLVED,Vázquez & Simberloff 2004 Ecological Monographs 74:281-308 | DOI 10.1890/02-4055,UNCLEAR,UNCERTAIN,SCREENED,FROZEN_EMPTY_SLOT; code predictor from primary source without using architecture outcome or U1 screening notes; sample_order=6
U1_006_CONFLICT_SPATIAL_GEOMETRY,Berberis_darwinii,conflict_spatial_geometry,UNRESOLVED,Vázquez & Simberloff 2004 Ecological Monographs 74:281-308 | DOI 10.1890/02-4055,UNCLEAR,UNCERTAIN,SCREENED,FROZEN_EMPTY_SLOT; code predictor from primary source without using architecture outcome or U1 screening notes; sample_order=6
U1_007_MODULE_SUBSTRATE,Bouvardia_ternifolia,module_substrate,UNRESOLVED,"Salinas-Esquivel, Lara & Arizmendi 2018 Botanical Sciences 96:1-10 | DOI 10.17129/botsci.1031",UNCLEAR,UNCERTAIN,SCREENED,FROZEN_EMPTY_SLOT; code predictor from primary source without using architecture outcome or U1 screening notes; sample_order=7
U1_007_CONFLICT_TIMING_GEOMETRY,Bouvardia_ternifolia,conflict_timing_geometry,UNRESOLVED,"Salinas-Esquivel, Lara & Arizmendi 2018 Botanical Sciences 96:1-10 | DOI 10.17129/botsci.1031",UNCLEAR,UNCERTAIN,SCREENED,FROZEN_EMPTY_SLOT; code predictor from primary source without using architecture outcome or U1 screening notes; sample_order=7
U1_007_CONFLICT_SPATIAL_GEOMETRY,Bouvardia_ternifolia,conflict_spatial_geometry,UNRESOLVED,"Salinas-Esquivel, Lara & Arizmendi 2018 Botanical Sciences 96:1-10 | DOI 10.17129/botsci.1031",UNCLEAR,UNCERTAIN,SCREENED,FROZEN_EMPTY_SLOT; code predictor from primary source without using architecture outcome or U1 screening notes; sample_order=7
U1_008_MODULE_SUBSTRATE,Brassica_napus,module_substrate,UNRESOLVED,"Kirk, Ali & Breadmore 1995 Journal of Apicultural Research 34:15-22 | DOI 10.1080/00218839.1995.11100881",UNCLEAR,UNCERTAIN,SCREENED,FROZEN_EMPTY_SLOT; code predictor from primary source without using architecture outcome or U1 screening notes; sample_order=8
U1_008_CONFLICT_TIMING_GEOMETRY,Brassica_napus,conflict_timing_geometry,UNRESOLVED,"Kirk, Ali & Breadmore 1995 Journal of Apicultural Research 34:15-22 | DOI 10.1080/00218839.1995.11100881",UNCLEAR,UNCERTAIN,SCREENED,FROZEN_EMPTY_SLOT; code predictor from primary source without using architecture outcome or U1 screening notes; sample_order=8
U1_008_CONFLICT_SPATIAL_GEOMETRY,Brassica_napus,conflict_spatial_geometry,UNRESOLVED,"Kirk, Ali & Breadmore 1995 Journal of Apicultural Research 34:15-22 | DOI 10.1080/00218839.1995.11100881",UNCLEAR,UNCERTAIN,SCREENED,FROZEN_EMPTY_SLOT; code predictor from primary source without using architecture outcome or U1 screening notes; sample_order=8
U1_009_MODULE_SUBSTRATE,Brassica_nigra,module_substrate,UNRESOLVED,Bruinsma et al. 2014 Journal of Chemical Ecology 40:39-49 | DOI 10.1007/s10886-013-0369-x,UNCLEAR,UNCERTAIN,SCREENED,FROZEN_EMPTY_SLOT; code predictor from primary source without using architecture outcome or U1 screening notes; sample_order=9
U1_009_CONFLICT_TIMING_GEOMETRY,Brassica_nigra,conflict_timing_geometry,UNRESOLVED,Bruinsma et al. 2014 Journal of Chemical Ecology 40:39-49 | DOI 10.1007/s10886-013-0369-x,UNCLEAR,UNCERTAIN,SCREENED,FROZEN_EMPTY_SLOT; code predictor from primary source without using architecture outcome or U1 screening notes; sample_order=9
U1_009_CONFLICT_SPATIAL_GEOMETRY,Brassica_nigra,conflict_spatial_geometry,UNRESOLVED,Bruinsma et al. 2014 Journal of Chemical Ecology 40:39-49 | DOI 10.1007/s10886-013-0369-x,UNCLEAR,UNCERTAIN,SCREENED,FROZEN_EMPTY_SLOT; code predictor from primary source without using architecture outcome or U1 screening notes; sample_order=9
U1_010_MODULE_SUBSTRATE,Calyptrogyne_ghiesbreghtiana,module_substrate,UNRESOLVED,Cunningham 1995 American Journal of Botany 82:1527-1536 | DOI 10.1002/j.1537-2197.1995.tb13855.x,UNCLEAR,UNCERTAIN,SCREENED,FROZEN_EMPTY_SLOT; code predictor from primary source without using architecture outcome or U1 screening notes; sample_order=10
U1_010_CONFLICT_TIMING_GEOMETRY,Calyptrogyne_ghiesbreghtiana,conflict_timing_geometry,UNRESOLVED,Cunningham 1995 American Journal of Botany 82:1527-1536 | DOI 10.1002/j.1537-2197.1995.tb13855.x,UNCLEAR,UNCERTAIN,SCREENED,FROZEN_EMPTY_SLOT; code predictor from primary source without using architecture outcome or U1 screening notes; sample_order=10
U1_010_CONFLICT_SPATIAL_GEOMETRY,Calyptrogyne_ghiesbreghtiana,conflict_spatial_geometry,UNRESOLVED,Cunningham 1995 American Journal of Botany 82:1527-1536 | DOI 10.1002/j.1537-2197.1995.tb13855.x,UNCLEAR,UNCERTAIN,SCREENED,FROZEN_EMPTY_SLOT; code predictor from primary source without using architecture outcome or U1 screening notes; sample_order=10
U1_011_MODULE_SUBSTRATE,Cardus_thoermeri,module_substrate,UNRESOLVED,"Chalcoff, Lescano & Devegili 2019 Plant Ecology 220:125-134 | DOI 10.1007/s11258-019-00907-2",UNCLEAR,UNCERTAIN,SCREENED,FROZEN_EMPTY_SLOT; code predictor from primary source without using architecture outcome or U1 screening notes; sample_order=11
U1_011_CONFLICT_TIMING_GEOMETRY,Cardus_thoermeri,conflict_timing_geometry,UNRESOLVED,"Chalcoff, Lescano & Devegili 2019 Plant Ecology 220:125-134 | DOI 10.1007/s11258-019-00907-2",UNCLEAR,UNCERTAIN,SCREENED,FROZEN_EMPTY_SLOT; code predictor from primary source without using architecture outcome or U1 screening notes; sample_order=11
U1_011_CONFLICT_SPATIAL_GEOMETRY,Cardus_thoermeri,conflict_spatial_geometry,UNRESOLVED,"Chalcoff, Lescano & Devegili 2019 Plant Ecology 220:125-134 | DOI 10.1007/s11258-019-00907-2",UNCLEAR,UNCERTAIN,SCREENED,FROZEN_EMPTY_SLOT; code predictor from primary source without using architecture outcome or U1 screening notes; sample_order=11
U1_012_MODULE_SUBSTRATE,Castilleja_indivisa,module_substrate,UNRESOLVED,Adler 2000 The American Naturalist 156:92-99 | DOI 10.1086/303374,UNCLEAR,UNCERTAIN,SCREENED,FROZEN_EMPTY_SLOT; code predictor from primary source without using architecture outcome or U1 screening notes; sample_order=12
U1_012_CONFLICT_TIMING_GEOMETRY,Castilleja_indivisa,conflict_timing_geometry,UNRESOLVED,Adler 2000 The American Naturalist 156:92-99 | DOI 10.1086/303374,UNCLEAR,UNCERTAIN,SCREENED,FROZEN_EMPTY_SLOT; code predictor from primary source without using architecture outcome or U1 screening notes; sample_order=12
U1_012_CONFLICT_SPATIAL_GEOMETRY,Castilleja_indivisa,conflict_spatial_geometry,UNRESOLVED,Adler 2000 The American Naturalist 156:92-99 | DOI 10.1086/303374,UNCLEAR,UNCERTAIN,SCREENED,FROZEN_EMPTY_SLOT; code predictor from primary source without using architecture outcome or U1 screening notes; sample_order=12
U1_013_MODULE_SUBSTRATE,Centaurea_solstitialis,module_substrate,UNRESOLVED,Swope 2014 Oecologia 174:205-215 | DOI 10.1007/s00442-013-2750-4,UNCLEAR,UNCERTAIN,SCREENED,FROZEN_EMPTY_SLOT; code predictor from primary source without using architecture outcome or U1 screening notes; sample_order=13
U1_013_CONFLICT_TIMING_GEOMETRY,Centaurea_solstitialis,conflict_timing_geometry,UNRESOLVED,Swope 2014 Oecologia 174:205-215 | DOI 10.1007/s00442-013-2750-4,UNCLEAR,UNCERTAIN,SCREENED,FROZEN_EMPTY_SLOT; code predictor from primary source without using architecture outcome or U1 screening notes; sample_order=13
U1_013_CONFLICT_SPATIAL_GEOMETRY,Centaurea_solstitialis,conflict_spatial_geometry,UNRESOLVED,Swope 2014 Oecologia 174:205-215 | DOI 10.1007/s00442-013-2750-4,UNCLEAR,UNCERTAIN,SCREENED,FROZEN_EMPTY_SLOT; code predictor from primary source without using architecture outcome or U1 screening notes; sample_order=13
U1_014_MODULE_SUBSTRATE,Centrosema_virginianum,module_substrate,UNRESOLVED,Cardel & Koptur 2010 International Journal of Plant Sciences 171:283-292 | DOI 10.1086/650154,UNCLEAR,UNCERTAIN,SCREENED,FROZEN_EMPTY_SLOT; code predictor from primary source without using architecture outcome or U1 screening notes; sample_order=14
U1_014_CONFLICT_TIMING_GEOMETRY,Centrosema_virginianum,conflict_timing_geometry,UNRESOLVED,Cardel & Koptur 2010 International Journal of Plant Sciences 171:283-292 | DOI 10.1086/650154,UNCLEAR,UNCERTAIN,SCREENED,FROZEN_EMPTY_SLOT; code predictor from primary source without using architecture outcome or U1 screening notes; sample_order=14
U1_014_CONFLICT_SPATIAL_GEOMETRY,Centrosema_virginianum,conflict_spatial_geometry,UNRESOLVED,Cardel & Koptur 2010 International Journal of Plant Sciences 171:283-292 | DOI 10.1086/650154,UNCLEAR,UNCERTAIN,SCREENED,FROZEN_EMPTY_SLOT; code predictor from primary source without using architecture outcome or U1 screening notes; sample_order=14
U1_015_MODULE_SUBSTRATE,Clarkia_xantiana_ssp_xantiana,module_substrate,UNRESOLVED,Benning & Moeller 2019 Evolution 73:2044-2059 | DOI 10.1111/evo.13836,UNCLEAR,UNCERTAIN,SCREENED,FROZEN_EMPTY_SLOT; code predictor from primary source without using architecture outcome or U1 screening notes; sample_order=15
U1_015_CONFLICT_TIMING_GEOMETRY,Clarkia_xantiana_ssp_xantiana,conflict_timing_geometry,UNRESOLVED,Benning & Moeller 2019 Evolution 73:2044-2059 | DOI 10.1111/evo.13836,UNCLEAR,UNCERTAIN,SCREENED,FROZEN_EMPTY_SLOT; code predictor from primary source without using architecture outcome or U1 screening notes; sample_order=15
U1_015_CONFLICT_SPATIAL_GEOMETRY,Clarkia_xantiana_ssp_xantiana,conflict_spatial_geometry,UNRESOLVED,Benning & Moeller 2019 Evolution 73:2044-2059 | DOI 10.1111/evo.13836,UNCLEAR,UNCERTAIN,SCREENED,FROZEN_EMPTY_SLOT; code predictor from primary source without using architecture outcome or U1 screening notes; sample_order=15
U1_016_MODULE_SUBSTRATE,Cnidoscolus_acontifolius,module_substrate,UNRESOLVED,"Arceo-Gómez, Parra-Tabla & Navarro 2009 Biotropica 41:435-441 | DOI 10.1111/j.1744-7429.2009.00502.x",UNCLEAR,UNCERTAIN,SCREENED,FROZEN_EMPTY_SLOT; code predictor from primary source without using architecture outcome or U1 screening notes; sample_order=16
U1_016_CONFLICT_TIMING_GEOMETRY,Cnidoscolus_acontifolius,conflict_timing_geometry,UNRESOLVED,"Arceo-Gómez, Parra-Tabla & Navarro 2009 Biotropica 41:435-441 | DOI 10.1111/j.1744-7429.2009.00502.x",UNCLEAR,UNCERTAIN,SCREENED,FROZEN_EMPTY_SLOT; code predictor from primary source without using architecture outcome or U1 screening notes; sample_order=16
U1_016_CONFLICT_SPATIAL_GEOMETRY,Cnidoscolus_acontifolius,conflict_spatial_geometry,UNRESOLVED,"Arceo-Gómez, Parra-Tabla & Navarro 2009 Biotropica 41:435-441 | DOI 10.1111/j.1744-7429.2009.00502.x",UNCLEAR,UNCERTAIN,SCREENED,FROZEN_EMPTY_SLOT; code predictor from primary source without using architecture outcome or U1 screening notes; sample_order=16
U1_017_MODULE_SUBSTRATE,Cucumis_melo,module_substrate,UNRESOLVED,Strauss & Murch 2004 Ecological Entomology 29:234-239 | DOI 10.1111/j.0307-6946.2004.00587.x,UNCLEAR,UNCERTAIN,SCREENED,FROZEN_EMPTY_SLOT; code predictor from primary source without using architecture outcome or U1 screening notes; sample_order=17
U1_017_CONFLICT_TIMING_GEOMETRY,Cucumis_melo,conflict_timing_geometry,UNRESOLVED,Strauss & Murch 2004 Ecological Entomology 29:234-239 | DOI 10.1111/j.0307-6946.2004.00587.x,UNCLEAR,UNCERTAIN,SCREENED,FROZEN_EMPTY_SLOT; code predictor from primary source without using architecture outcome or U1 screening notes; sample_order=17
U1_017_CONFLICT_SPATIAL_GEOMETRY,Cucumis_melo,conflict_spatial_geometry,UNRESOLVED,Strauss & Murch 2004 Ecological Entomology 29:234-239 | DOI 10.1111/j.0307-6946.2004.00587.x,UNCLEAR,UNCERTAIN,SCREENED,FROZEN_EMPTY_SLOT; code predictor from primary source without using architecture outcome or U1 screening notes; sample_order=17
U1_018_MODULE_SUBSTRATE,Cucumis_sativus,module_substrate,UNRESOLVED,"Barber, Adler & Bernardo 2011 Oecologia 165:377-386 | DOI 10.1007/s00442-010-1779-x",UNCLEAR,UNCERTAIN,SCREENED,FROZEN_EMPTY_SLOT; code predictor from primary source without using architecture outcome or U1 screening notes; sample_order=18
U1_018_CONFLICT_TIMING_GEOMETRY,Cucumis_sativus,conflict_timing_geometry,UNRESOLVED,"Barber, Adler & Bernardo 2011 Oecologia 165:377-386 | DOI 10.1007/s00442-010-1779-x",UNCLEAR,UNCERTAIN,SCREENED,FROZEN_EMPTY_SLOT; code predictor from primary source without using architecture outcome or U1 screening notes; sample_order=18
U1_018_CONFLICT_SPATIAL_GEOMETRY,Cucumis_sativus,conflict_spatial_geometry,UNRESOLVED,"Barber, Adler & Bernardo 2011 Oecologia 165:377-386 | DOI 10.1007/s00442-010-1779-x",UNCLEAR,UNCERTAIN,SCREENED,FROZEN_EMPTY_SLOT; code predictor from primary source without using architecture outcome or U1 screening notes; sample_order=18
U1_019_MODULE_SUBSTRATE,Cucurbita_moschata,module_substrate,UNRESOLVED,Hladun & Adler 2009 Ecological Entomology 34:144-152 | DOI 10.1111/j.1365-2311.2008.01060.x,UNCLEAR,UNCERTAIN,SCREENED,FROZEN_EMPTY_SLOT; code predictor from primary source without using architecture outcome or U1 screening notes; sample_order=19
U1_019_CONFLICT_TIMING_GEOMETRY,Cucurbita_moschata,conflict_timing_geometry,UNRESOLVED,Hladun & Adler 2009 Ecological Entomology 34:144-152 | DOI 10.1111/j.1365-2311.2008.01060.x,UNCLEAR,UNCERTAIN,SCREENED,FROZEN_EMPTY_SLOT; code predictor from primary source without using architecture outcome or U1 screening notes; sample_order=19
U1_019_CONFLICT_SPATIAL_GEOMETRY,Cucurbita_moschata,conflict_spatial_geometry,UNRESOLVED,Hladun & Adler 2009 Ecological Entomology 34:144-152 | DOI 10.1111/j.1365-2311.2008.01060.x,UNCLEAR,UNCERTAIN,SCREENED,FROZEN_EMPTY_SLOT; code predictor from primary source without using architecture outcome or U1 screening notes; sample_order=19
U1_020_MODULE_SUBSTRATE,Cynanchum_diemii,module_substrate,UNRESOLVED,Vázquez & Simberloff 2004 Ecological Monographs 74:281-308 | DOI 10.1890/02-4055,UNCLEAR,UNCERTAIN,SCREENED,FROZEN_EMPTY_SLOT; code predictor from primary source without using architecture outcome or U1 screening notes; sample_order=20
U1_020_CONFLICT_TIMING_GEOMETRY,Cynanchum_diemii,conflict_timing_geometry,UNRESOLVED,Vázquez & Simberloff 2004 Ecological Monographs 74:281-308 | DOI 10.1890/02-4055,UNCLEAR,UNCERTAIN,SCREENED,FROZEN_EMPTY_SLOT; code predictor from primary source without using architecture outcome or U1 screening notes; sample_order=20
U1_020_CONFLICT_SPATIAL_GEOMETRY,Cynanchum_diemii,conflict_spatial_geometry,UNRESOLVED,Vázquez & Simberloff 2004 Ecological Monographs 74:281-308 | DOI 10.1890/02-4055,UNCLEAR,UNCERTAIN,SCREENED,FROZEN_EMPTY_SLOT; code predictor from primary source without using architecture outcome or U1 screening notes; sample_order=20
