receipt_id,cluster_id,predictor,source_id,reported_value,evidence_type,outcome_independence,coding_status,notes
U2_001_CONFLICT_SPATIAL_GEOMETRY,Narcissus_assoanus,conflict_spatial_geometry,Baker et al. 2000 Heredity I/II | DOI 10.1046/j.1365-2540.2000.00651.x;10.1046/j.1365-2540.2000.00686.x,UNRESOLVED,UNCLEAR,UNCERTAIN,UNSTARTED,FROZEN_V2_EXPANSION_SLOT; code from primary source only; do not inspect architecture coding or conflict-screen outcome
U2_001_CONFLICT_TIMING_GEOMETRY,Narcissus_assoanus,conflict_timing_geometry,Baker et al. 2000 Heredity I/II | DOI 10.1046/j.1365-2540.2000.00651.x;10.1046/j.1365-2540.2000.00686.x,UNRESOLVED,UNCLEAR,UNCERTAIN,UNSTARTED,FROZEN_V2_EXPANSION_SLOT; code from primary source only; do not inspect architecture coding or conflict-screen outcome
U2_001_MODULE_SUBSTRATE,Narcissus_assoanus,module_substrate,Baker et al. 2000 Heredity I/II | DOI 10.1046/j.1365-2540.2000.00651.x;10.1046/j.1365-2540.2000.00686.x,UNRESOLVED,UNCLEAR,UNCERTAIN,UNSTARTED,FROZEN_V2_EXPANSION_SLOT; code from primary source only; do not inspect architecture coding or conflict-screen outcome
U2_002_CONFLICT_SPATIAL_GEOMETRY,Narcissus_dubius,conflict_spatial_geometry,Baker et al. 2000 Heredity I/II | DOI 10.1046/j.1365-2540.2000.00651.x;10.1046/j.1365-2540.2000.00686.x,UNRESOLVED,UNCLEAR,UNCERTAIN,UNSTARTED,FROZEN_V2_EXPANSION_SLOT; code from primary source only; do not inspect architecture coding or conflict-screen outcome
U2_002_CONFLICT_TIMING_GEOMETRY,Narcissus_dubius,conflict_timing_geometry,Baker et al. 2000 Heredity I/II | DOI 10.1046/j.1365-2540.2000.00651.x;10.1046/j.1365-2540.2000.00686.x,UNRESOLVED,UNCLEAR,UNCERTAIN,UNSTARTED,FROZEN_V2_EXPANSION_SLOT; code from primary source only; do not inspect architecture coding or conflict-screen outcome
U2_002_MODULE_SUBSTRATE,Narcissus_dubius,module_substrate,Baker et al. 2000 Heredity I/II | DOI 10.1046/j.1365-2540.2000.00651.x;10.1046/j.1365-2540.2000.00686.x,UNRESOLVED,UNCLEAR,UNCERTAIN,UNSTARTED,FROZEN_V2_EXPANSION_SLOT; code from primary source only; do not inspect architecture coding or conflict-screen outcome
U2_003_CONFLICT_SPATIAL_GEOMETRY,Pontederia_cordata,conflict_spatial_geometry,Barrett & Glover 1985 Evolution,UNRESOLVED,UNCLEAR,UNCERTAIN,UNSTARTED,FROZEN_V2_EXPANSION_SLOT; code from primary source only; do not inspect architecture coding or conflict-screen outcome
U2_003_CONFLICT_TIMING_GEOMETRY,Pontederia_cordata,conflict_timing_geometry,Barrett & Glover 1985 Evolution,UNRESOLVED,UNCLEAR,UNCERTAIN,UNSTARTED,FROZEN_V2_EXPANSION_SLOT; code from primary source only; do not inspect architecture coding or conflict-screen outcome
U2_003_MODULE_SUBSTRATE,Pontederia_cordata,module_substrate,Barrett & Glover 1985 Evolution,UNRESOLVED,UNCLEAR,UNCERTAIN,UNSTARTED,FROZEN_V2_EXPANSION_SLOT; code from primary source only; do not inspect architecture coding or conflict-screen outcome
U2_009_CONFLICT_SPATIAL_GEOMETRY,Wahlenbergia_albomarginata,conflict_spatial_geometry,Lloyd & Yates 1982 Evolution,UNRESOLVED,UNCLEAR,UNCERTAIN,UNSTARTED,FROZEN_V2_EXPANSION_SLOT; code from primary source only; do not inspect architecture coding or conflict-screen outcome
U2_009_CONFLICT_TIMING_GEOMETRY,Wahlenbergia_albomarginata,conflict_timing_geometry,Lloyd & Yates 1982 Evolution,UNRESOLVED,UNCLEAR,UNCERTAIN,UNSTARTED,FROZEN_V2_EXPANSION_SLOT; code from primary source only; do not inspect architecture coding or conflict-screen outcome
U2_009_MODULE_SUBSTRATE,Wahlenbergia_albomarginata,module_substrate,Lloyd & Yates 1982 Evolution,UNRESOLVED,UNCLEAR,UNCERTAIN,UNSTARTED,FROZEN_V2_EXPANSION_SLOT; code from primary source only; do not inspect architecture coding or conflict-screen outcome
U2_010_CONFLICT_SPATIAL_GEOMETRY,Pseudowintera_colorata,conflict_spatial_geometry,Lloyd & Wells 1992 Plant Systematics and Evolution,UNRESOLVED,UNCLEAR,UNCERTAIN,UNSTARTED,FROZEN_V2_EXPANSION_SLOT; code from primary source only; do not inspect architecture coding or conflict-screen outcome
U2_010_CONFLICT_TIMING_GEOMETRY,Pseudowintera_colorata,conflict_timing_geometry,Lloyd & Wells 1992 Plant Systematics and Evolution,UNRESOLVED,UNCLEAR,UNCERTAIN,UNSTARTED,FROZEN_V2_EXPANSION_SLOT; code from primary source only; do not inspect architecture coding or conflict-screen outcome
U2_010_MODULE_SUBSTRATE,Pseudowintera_colorata,module_substrate,Lloyd & Wells 1992 Plant Systematics and Evolution,UNRESOLVED,UNCLEAR,UNCERTAIN,UNSTARTED,FROZEN_V2_EXPANSION_SLOT; code from primary source only; do not inspect architecture coding or conflict-screen outcome
U2_011_CONFLICT_SPATIAL_GEOMETRY,Narcissus_triandrus,conflict_spatial_geometry,Sage et al. 1999 American Journal of Botany,UNRESOLVED,UNCLEAR,UNCERTAIN,UNSTARTED,FROZEN_V2_EXPANSION_SLOT; code from primary source only; do not inspect architecture coding or conflict-screen outcome
U2_011_CONFLICT_TIMING_GEOMETRY,Narcissus_triandrus,conflict_timing_geometry,Sage et al. 1999 American Journal of Botany,UNRESOLVED,UNCLEAR,UNCERTAIN,UNSTARTED,FROZEN_V2_EXPANSION_SLOT; code from primary source only; do not inspect architecture coding or conflict-screen outcome
U2_011_MODULE_SUBSTRATE,Narcissus_triandrus,module_substrate,Sage et al. 1999 American Journal of Botany,UNRESOLVED,UNCLEAR,UNCERTAIN,UNSTARTED,FROZEN_V2_EXPANSION_SLOT; code from primary source only; do not inspect architecture coding or conflict-screen outcome
U2_014_CONFLICT_SPATIAL_GEOMETRY,Turnera_ulmifolia,conflict_spatial_geometry,Shore & Barrett 1984 Canadian Journal of Botany,UNRESOLVED,UNCLEAR,UNCERTAIN,UNSTARTED,FROZEN_V2_EXPANSION_SLOT; code from primary source only; do not inspect architecture coding or conflict-screen outcome
U2_014_CONFLICT_TIMING_GEOMETRY,Turnera_ulmifolia,conflict_timing_geometry,Shore & Barrett 1984 Canadian Journal of Botany,UNRESOLVED,UNCLEAR,UNCERTAIN,UNSTARTED,FROZEN_V2_EXPANSION_SLOT; code from primary source only; do not inspect architecture coding or conflict-screen outcome
U2_014_MODULE_SUBSTRATE,Turnera_ulmifolia,module_substrate,Shore & Barrett 1984 Canadian Journal of Botany,UNRESOLVED,UNCLEAR,UNCERTAIN,UNSTARTED,FROZEN_V2_EXPANSION_SLOT; code from primary source only; do not inspect architecture coding or conflict-screen outcome
U2_016_CONFLICT_SPATIAL_GEOMETRY,Alpinia_kwangsiensis,conflict_spatial_geometry,Li et al. 2001 Nature; Li et al. 2001 Acta Botanica Sinica | DOI 10.1038/35068635,UNRESOLVED,UNCLEAR,UNCERTAIN,UNSTARTED,FROZEN_V2_EXPANSION_SLOT; code from primary source only; do not inspect architecture coding or conflict-screen outcome
U2_016_CONFLICT_TIMING_GEOMETRY,Alpinia_kwangsiensis,conflict_timing_geometry,Li et al. 2001 Nature; Li et al. 2001 Acta Botanica Sinica | DOI 10.1038/35068635,UNRESOLVED,UNCLEAR,UNCERTAIN,UNSTARTED,FROZEN_V2_EXPANSION_SLOT; code from primary source only; do not inspect architecture coding or conflict-screen outcome
U2_016_MODULE_SUBSTRATE,Alpinia_kwangsiensis,module_substrate,Li et al. 2001 Nature; Li et al. 2001 Acta Botanica Sinica | DOI 10.1038/35068635,UNRESOLVED,UNCLEAR,UNCERTAIN,UNSTARTED,FROZEN_V2_EXPANSION_SLOT; code from primary source only; do not inspect architecture coding or conflict-screen outcome
U2_017_CONFLICT_SPATIAL_GEOMETRY,Wachendorfia_paniculata,conflict_spatial_geometry,Jesson & Barrett 2002 American Journal of Botany | DOI 10.3732/ajb.89.2.253,UNRESOLVED,UNCLEAR,UNCERTAIN,UNSTARTED,FROZEN_V2_EXPANSION_SLOT; code from primary source only; do not inspect architecture coding or conflict-screen outcome
U2_017_CONFLICT_TIMING_GEOMETRY,Wachendorfia_paniculata,conflict_timing_geometry,Jesson & Barrett 2002 American Journal of Botany | DOI 10.3732/ajb.89.2.253,UNRESOLVED,UNCLEAR,UNCERTAIN,UNSTARTED,FROZEN_V2_EXPANSION_SLOT; code from primary source only; do not inspect architecture coding or conflict-screen outcome
U2_017_MODULE_SUBSTRATE,Wachendorfia_paniculata,module_substrate,Jesson & Barrett 2002 American Journal of Botany | DOI 10.3732/ajb.89.2.253,UNRESOLVED,UNCLEAR,UNCERTAIN,UNSTARTED,FROZEN_V2_EXPANSION_SLOT; code from primary source only; do not inspect architecture coding or conflict-screen outcome
U2_018_CONFLICT_SPATIAL_GEOMETRY,Wachendorfia_brachyandra,conflict_spatial_geometry,Jesson & Barrett 2002 American Journal of Botany | DOI 10.3732/ajb.89.2.253,UNRESOLVED,UNCLEAR,UNCERTAIN,UNSTARTED,FROZEN_V2_EXPANSION_SLOT; code from primary source only; do not inspect architecture coding or conflict-screen outcome
U2_018_CONFLICT_TIMING_GEOMETRY,Wachendorfia_brachyandra,conflict_timing_geometry,Jesson & Barrett 2002 American Journal of Botany | DOI 10.3732/ajb.89.2.253,UNRESOLVED,UNCLEAR,UNCERTAIN,UNSTARTED,FROZEN_V2_EXPANSION_SLOT; code from primary source only; do not inspect architecture coding or conflict-screen outcome
U2_018_MODULE_SUBSTRATE,Wachendorfia_brachyandra,module_substrate,Jesson & Barrett 2002 American Journal of Botany | DOI 10.3732/ajb.89.2.253,UNRESOLVED,UNCLEAR,UNCERTAIN,UNSTARTED,FROZEN_V2_EXPANSION_SLOT; code from primary source only; do not inspect architecture coding or conflict-screen outcome
U2_019_CONFLICT_SPATIAL_GEOMETRY,Wachendorfia_parviflora,conflict_spatial_geometry,Jesson & Barrett 2002 American Journal of Botany | DOI 10.3732/ajb.89.2.253,UNRESOLVED,UNCLEAR,UNCERTAIN,UNSTARTED,FROZEN_V2_EXPANSION_SLOT; code from primary source only; do not inspect architecture coding or conflict-screen outcome
U2_019_CONFLICT_TIMING_GEOMETRY,Wachendorfia_parviflora,conflict_timing_geometry,Jesson & Barrett 2002 American Journal of Botany | DOI 10.3732/ajb.89.2.253,UNRESOLVED,UNCLEAR,UNCERTAIN,UNSTARTED,FROZEN_V2_EXPANSION_SLOT; code from primary source only; do not inspect architecture coding or conflict-screen outcome
U2_019_MODULE_SUBSTRATE,Wachendorfia_parviflora,module_substrate,Jesson & Barrett 2002 American Journal of Botany | DOI 10.3732/ajb.89.2.253,UNRESOLVED,UNCLEAR,UNCERTAIN,UNSTARTED,FROZEN_V2_EXPANSION_SLOT; code from primary source only; do not inspect architecture coding or conflict-screen outcome
U2_020_CONFLICT_SPATIAL_GEOMETRY,Wachendorfia_thyrsiflora,conflict_spatial_geometry,Jesson & Barrett 2002 American Journal of Botany | DOI 10.3732/ajb.89.2.253,UNRESOLVED,UNCLEAR,UNCERTAIN,UNSTARTED,FROZEN_V2_EXPANSION_SLOT; code from primary source only; do not inspect architecture coding or conflict-screen outcome
U2_020_CONFLICT_TIMING_GEOMETRY,Wachendorfia_thyrsiflora,conflict_timing_geometry,Jesson & Barrett 2002 American Journal of Botany | DOI 10.3732/ajb.89.2.253,UNRESOLVED,UNCLEAR,UNCERTAIN,UNSTARTED,FROZEN_V2_EXPANSION_SLOT; code from primary source only; do not inspect architecture coding or conflict-screen outcome
U2_020_MODULE_SUBSTRATE,Wachendorfia_thyrsiflora,module_substrate,Jesson & Barrett 2002 American Journal of Botany | DOI 10.3732/ajb.89.2.253,UNRESOLVED,UNCLEAR,UNCERTAIN,UNSTARTED,FROZEN_V2_EXPANSION_SLOT; code from primary source only; do not inspect architecture coding or conflict-screen outcome
