cluster_id,conflict_status,architecture_mode,module_substrate,conflict_timing_geometry,conflict_spatial_geometry,adjudication_status,adjudication_basis,notes
Narcissus_assoanus,UNRESOLVED,UNRESOLVED,UNRESOLVED,UNRESOLVED,UNRESOLVED,PENDING,AWAITING_INDEPENDENT_DOUBLE_CODING,
Narcissus_dubius,UNRESOLVED,UNRESOLVED,UNRESOLVED,UNRESOLVED,UNRESOLVED,PENDING,AWAITING_INDEPENDENT_DOUBLE_CODING,
Pontederia_cordata,UNRESOLVED,UNRESOLVED,UNRESOLVED,UNRESOLVED,UNRESOLVED,PENDING,AWAITING_INDEPENDENT_DOUBLE_CODING,
Campsis_radicans,UNRESOLVED,UNRESOLVED,UNRESOLVED,UNRESOLVED,UNRESOLVED,PENDING,AWAITING_INDEPENDENT_DOUBLE_CODING,
Asclepias_exaltata,UNRESOLVED,UNRESOLVED,UNRESOLVED,UNRESOLVED,UNRESOLVED,PENDING,AWAITING_INDEPENDENT_DOUBLE_CODING,
Mimulus_aurantiacus,UNRESOLVED,UNRESOLVED,UNRESOLVED,UNRESOLVED,UNRESOLVED,PENDING,AWAITING_INDEPENDENT_DOUBLE_CODING,
Polemonium_viscosum,UNRESOLVED,UNRESOLVED,UNRESOLVED,UNRESOLVED,UNRESOLVED,PENDING,AWAITING_INDEPENDENT_DOUBLE_CODING,
Eichhornia_paniculata,UNRESOLVED,UNRESOLVED,UNRESOLVED,UNRESOLVED,UNRESOLVED,PENDING,AWAITING_INDEPENDENT_DOUBLE_CODING,
Wahlenbergia_albomarginata,UNRESOLVED,UNRESOLVED,UNRESOLVED,UNRESOLVED,UNRESOLVED,PENDING,AWAITING_INDEPENDENT_DOUBLE_CODING,
Pseudowintera_colorata,UNRESOLVED,UNRESOLVED,UNRESOLVED,UNRESOLVED,UNRESOLVED,PENDING,AWAITING_INDEPENDENT_DOUBLE_CODING,
Narcissus_triandrus,UNRESOLVED,UNRESOLVED,UNRESOLVED,UNRESOLVED,UNRESOLVED,PENDING,AWAITING_INDEPENDENT_DOUBLE_CODING,
Pontederia_sagittata,UNRESOLVED,UNRESOLVED,UNRESOLVED,UNRESOLVED,UNRESOLVED,PENDING,AWAITING_INDEPENDENT_DOUBLE_CODING,
Epilobium_obcordatum,UNRESOLVED,UNRESOLVED,UNRESOLVED,UNRESOLVED,UNRESOLVED,PENDING,AWAITING_INDEPENDENT_DOUBLE_CODING,
Turnera_ulmifolia,UNRESOLVED,UNRESOLVED,UNRESOLVED,UNRESOLVED,UNRESOLVED,PENDING,AWAITING_INDEPENDENT_DOUBLE_CODING,
Ipomopsis_aggregata,UNRESOLVED,UNRESOLVED,UNRESOLVED,UNRESOLVED,UNRESOLVED,PENDING,AWAITING_INDEPENDENT_DOUBLE_CODING,
Alpinia_kwangsiensis,UNRESOLVED,UNRESOLVED,UNRESOLVED,UNRESOLVED,UNRESOLVED,PENDING,AWAITING_INDEPENDENT_DOUBLE_CODING,
Wachendorfia_paniculata,UNRESOLVED,UNRESOLVED,UNRESOLVED,UNRESOLVED,UNRESOLVED,PENDING,AWAITING_INDEPENDENT_DOUBLE_CODING,
Wachendorfia_brachyandra,UNRESOLVED,UNRESOLVED,UNRESOLVED,UNRESOLVED,UNRESOLVED,PENDING,AWAITING_INDEPENDENT_DOUBLE_CODING,
Wachendorfia_parviflora,UNRESOLVED,UNRESOLVED,UNRESOLVED,UNRESOLVED,UNRESOLVED,PENDING,AWAITING_INDEPENDENT_DOUBLE_CODING,
Wachendorfia_thyrsiflora,UNRESOLVED,UNRESOLVED,UNRESOLVED,UNRESOLVED,UNRESOLVED,PENDING,AWAITING_INDEPENDENT_DOUBLE_CODING,
