system,biology_domain,SCH_status,SCH_missing_gate,BALANCE_status,BALANCE_missing_gate,BITA_status,BITA_missing_gate,causal_level,current_role,replication_priority
Pedicularis_rex,floral_pollination_seed_predation_water_defence,CAUSAL_PACKAGE_READY_NOT_EXECUTED,run_methodqualified_Experiment_A_and_recover_positive_L,DIRECT_WORLDLINE_PACKAGE_READY_NOT_EXECUTED,run_same_context_Experiment_B_and_resolve_Delta_W,DIMENSIONAL_RELEASE_PACKAGE_READY_NOT_EXECUTED,run_same_context_Experiment_B_and_recover_R_state_loading_fitness_gain,PRIMARY_CAUSAL_TARGET,first_same_system_three_chapter_existence_test,G0_FIRST
Dalechampia_spp,floral_display_pollination_seed_predation,STRONGEST_EXISTING_OBSERVATIONAL_COMPROMISE_GEOMETRY,selective_antagonist_intervention_and_reversible_multilevel_display_manipulation,NOT_YET_AUDITED,direct_common_scale_WS_WD_comparator,HISTORICAL_REDEPLOYMENT_ADDITION_ANCHOR,not_a_causal_R_state_or_parameter_estimate,OBSERVATIONAL_PLUS_HISTORICAL_ANCHOR,strong_SCH_replication_plus_historical_BITA_architecture_anchor,G1_HIGH_AFTER_PEDICULARIS
Castilleja_linariaefolia,floral_pollination_seed_predation,HIGH_VALUE_SHORT_PATH_FALLBACK,direct_multilevel_trait_manipulation_and_selective_predator_intervention,NOT_YET_AUDITED,direct_common_scale_WS_WD_comparator,NOT_YET_AUDITED,audit_for_differentiated_axis_and_release_evidence,CANDIDATE_CAUSAL_REPLICATION,short_antagonist_to_seed_loss_SCH_replication_candidate,G1_MEDIUM
Polemonium_viscosum,floral_pollination_physiological_water_cost,BROAD_PHYSIOLOGICAL_CONFLICT_CANDIDATE,short_common_fitness_causal_surface_and_selective_function_interventions,NOT_YET_AUDITED,direct_alternative_worldline_and_common_fitness_scale,NOT_YET_AUDITED,audit_for_true_second_axis_differentiation_not_local_chemical_effect,CROSS_FUNCTION_GENERALITY_CANDIDATE,non_antagonist_functional_conflict_generalization,G2_HIGH
Nicotiana_attenuata,floral_shared_cue_pollination_antagonism_defence,STRONGEST_LOCAL_SHARED_CUE_AND_SCH_BITA_BRIDGE,but_not_complete_clean_shared_coordinate_optimum_surface,NOT_YET_IDENTIFIED,direct_same_context_WS_WD_middle_world_comparator,HIGH_INFORMATION_INTERACTION_RELEASE_SPECIAL_CASE_ANCHOR,complete_direct_three_world_chain_and_separate_local_interaction_from_architecture_release,PROGRAMME_BRIDGE_ANCHOR,strongest_existing_local_mechanism_bridge_but_not_complete_chain,G1_HIGH_AFTER_PEDICULARIS
Peucedanum_multivittatum,floral_sex_class_allocation_seed_predation,SELECTION_MOSAIC_ROLE_ANCHOR_NOT_CAUSAL_L,causal_shared_coordinate_conflict_receipt_if_used_for_SCH,LONGITUDINAL_MOSAIC_CONCORDANT_NO_DIRECT_WORLDLINE,matched_common_scale_WS_WD_comparator,NATURAL_PARTIAL_FUNCTIONAL_DIFFERENTIATION_D1_STRONG_D2_NOT_IDENTIFIED,experimental_dimensional_release_R_state_and_total_fitness_model,OBSERVATIONAL_NATURAL_ARCHITECTURE_ANCHOR,strongest_Japan_accessible_balance_transition_plus_partial_differentiation_anchor,G1_HIGH_OBSERVATIONAL_THEN_CAUSAL
Ipomopsis_aggregata,floral_multifunctional_display,NEGATIVE_OR_MONOTONIC_CONTROL,no_compromise_expected_if_registered_monotonic_pattern_holds,NOT_YET_AUDITED,test_whether_middle_world_should_be_absent_or_unresolvable,NOT_YET_AUDITED,audit_only_if_second_axis_claim_is_proposed,NEGATIVE_BOUNDARY_CONTROL,tests_that_multifunctionality_does_not_automatically_imply_SCH_or_BALANCE,G1_NEGATIVE_CONTROL
Platycodon_grandiflorus,floral_orientation_pollination_rain_protection,ALIGNED_OPTIMUM_NEGATIVE_CONTROL,no_conflict_expected_when_function_preferred_states_align,EXPECTED_NO_SCH_CONFLICT_THEREFORE_NO_REGISTERED_BALANCE,only_revisit_if_independent_conflict_is_found,NOT_YET_AUDITED,not_required_for_negative_control_role,NEGATIVE_BOUNDARY_CONTROL,tests_that_two_functions_can_favour_the_same_trait_state,G1_NEGATIVE_CONTROL
Cichlid_oral_pharyngeal_jaws,feeding_capture_processing,NOT_YET_AUDITED,identify_any_measured_shared_coordinate_conflict_before_using_as_SCH,NOT_YET_AUDITED,requires_comparable_shared_and_differentiated_worldlines,PARTIAL_DIFFERENTIATION_RESIDUAL_INTEGRATION_ANCHOR,no_BITA_s_K_Delta_arch_or_causal_origin_estimate,CROSS_DOMAIN_ARCHITECTURE_ANCHOR,shows_differentiation_can_remain_partially_coupled_without_testing_the_transition,G2_ARCHITECTURE_ANCHOR
